{
	"class_name" : "PinholeCameraParameters",
	"extrinsic" : 
	[
		1.0,
		-0.0,
		-0.0,
		0.0,
		0.0,
		-1.0,
		-0.0,
		0.0,
		0.0,
		-0.0,
		-1.0,
		0.0,
		45.321936499101312,
		6.1002197265625,
		122.6202784049317,
		1.0
	],
	"intrinsic" : 
	{
		"height" : 1118,
		"intrinsic_matrix" : 
		[
			968.21640143100251,
			0.0,
			0.0,
			0.0,
			968.21640143100251,
			0.0,
			953.0,
			558.5,
			1.0
		],
		"width" : 1907
	},
	"version_major" : 1,
	"version_minor" : 0
}